user_id,user_name,age_group,location
U00001,Customer_1,26-35,Hyderabad
U00002,Customer_2,18-25,Delhi
U00003,Customer_3,18-25,Pune
U00004,Customer_4,46-60,Chennai
U00005,Customer_5,60+,Pune
U00006,Customer_6,36-45,Mumbai
U00007,Customer_7,26-35,Bangalore
U00008,Customer_8,36-45,Chennai
U00009,Customer_9,46-60,Mumbai
U00010,Customer_10,26-35,Bangalore
U00011,Customer_11,60+,Chennai
U00012,Customer_12,26-35,Pune
U00013,Customer_13,18-25,Hyderabad
U00014,Customer_14,26-35,Chennai
U00015,Customer_15,26-35,Bangalore
U00016,Customer_16,26-35,Mumbai
U00017,Customer_17,18-25,Delhi
U00018,Customer_18,36-45,Hyderabad
U00019,Customer_19,60+,Bangalore
U00020,Customer_20,46-60,Mumbai
U00021,Customer_21,46-60,Chennai
U00022,Customer_22,36-45,Chennai
U00023,Customer_23,46-60,Bangalore
U00024,Customer_24,60+,Hyderabad
U00025,Customer_25,46-60,Pune
U00026,Customer_26,18-25,Hyderabad
U00027,Customer_27,18-25,Pune
U00028,Customer_28,36-45,Hyderabad
U00029,Customer_29,36-45,Mumbai
U00030,Customer_30,18-25,Delhi
U00031,Customer_31,60+,Hyderabad
U00032,Customer_32,18-25,Chennai
U00033,Customer_33,36-45,Hyderabad
U00034,Customer_34,18-25,Delhi
U00035,Customer_35,46-60,Hyderabad
U00036,Customer_36,46-60,Bangalore
U00037,Customer_37,26-35,Hyderabad
U00038,Customer_38,46-60,Chennai
U00039,Customer_39,46-60,Mumbai
U00040,Customer_40,46-60,Bangalore
U00041,Customer_41,46-60,Bangalore
U00042,Customer_42,36-45,Chennai
U00043,Customer_43,18-25,Delhi
U00044,Customer_44,36-45,Pune
U00045,Customer_45,46-60,Bangalore
U00046,Customer_46,46-60,Hyderabad
U00047,Customer_47,18-25,Pune
U00048,Customer_48,18-25,Bangalore
U00049,Customer_49,36-45,Bangalore
U00050,Customer_50,18-25,Pune
U00051,Customer_51,60+,Mumbai
U00052,Customer_52,60+,Pune
U00053,Customer_53,46-60,Mumbai
U00054,Customer_54,26-35,Hyderabad
U00055,Customer_55,36-45,Hyderabad
U00056,Customer_56,46-60,Chennai
U00057,Customer_57,46-60,Mumbai
U00058,Customer_58,26-35,Bangalore
U00059,Customer_59,60+,Delhi
U00060,Customer_60,36-45,Pune
U00061,Customer_61,46-60,Mumbai
U00062,Customer_62,18-25,Chennai
U00063,Customer_63,60+,Delhi
U00064,Customer_64,26-35,Bangalore
U00065,Customer_65,60+,Mumbai
U00066,Customer_66,60+,Pune
U00067,Customer_67,18-25,Delhi
U00068,Customer_68,18-25,Pune
U00069,Customer_69,18-25,Chennai
U00070,Customer_70,26-35,Pune
U00071,Customer_71,36-45,Hyderabad
U00072,Customer_72,36-45,Pune
U00073,Customer_73,46-60,Pune
U00074,Customer_74,26-35,Pune
U00075,Customer_75,60+,Delhi
U00076,Customer_76,46-60,Delhi
U00077,Customer_77,60+,Hyderabad
U00078,Customer_78,26-35,Mumbai
U00079,Customer_79,36-45,Pune
U00080,Customer_80,36-45,Hyderabad
U00081,Customer_81,36-45,Mumbai
U00082,Customer_82,36-45,Chennai
U00083,Customer_83,36-45,Hyderabad
U00084,Customer_84,60+,Chennai
U00085,Customer_85,46-60,Delhi
U00086,Customer_86,46-60,Hyderabad
U00087,Customer_87,46-60,Bangalore
U00088,Customer_88,36-45,Hyderabad
U00089,Customer_89,60+,Pune
U00090,Customer_90,46-60,Bangalore
U00091,Customer_91,26-35,Chennai
U00092,Customer_92,26-35,Hyderabad
U00093,Customer_93,46-60,Delhi
U00094,Customer_94,46-60,Mumbai
U00095,Customer_95,36-45,Chennai
U00096,Customer_96,46-60,Chennai
U00097,Customer_97,46-60,Pune
U00098,Customer_98,26-35,Pune
U00099,Customer_99,18-25,Delhi
U00100,Customer_100,60+,Hyderabad
U00101,Customer_101,36-45,Mumbai
U00102,Customer_102,46-60,Mumbai
U00103,Customer_103,60+,Pune
U00104,Customer_104,18-25,Chennai
U00105,Customer_105,26-35,Pune
U00106,Customer_106,26-35,Mumbai
U00107,Customer_107,46-60,Bangalore
U00108,Customer_108,36-45,Hyderabad
U00109,Customer_109,46-60,Chennai
U00110,Customer_110,18-25,Bangalore
U00111,Customer_111,60+,Pune
U00112,Customer_112,36-45,Chennai
U00113,Customer_113,46-60,Hyderabad
U00114,Customer_114,18-25,Hyderabad
U00115,Customer_115,18-25,Delhi
U00116,Customer_116,36-45,Delhi
U00117,Customer_117,18-25,Pune
U00118,Customer_118,18-25,Chennai
U00119,Customer_119,18-25,Pune
U00120,Customer_120,26-35,Chennai
U00121,Customer_121,36-45,Mumbai
U00122,Customer_122,18-25,Bangalore
U00123,Customer_123,18-25,Bangalore
U00124,Customer_124,36-45,Bangalore
U00125,Customer_125,46-60,Delhi
U00126,Customer_126,26-35,Hyderabad
U00127,Customer_127,46-60,Hyderabad
U00128,Customer_128,26-35,Delhi
U00129,Customer_129,26-35,Mumbai
U00130,Customer_130,60+,Pune
U00131,Customer_131,60+,Chennai
U00132,Customer_132,26-35,Pune
U00133,Customer_133,60+,Delhi
U00134,Customer_134,26-35,Pune
U00135,Customer_135,36-45,Pune
U00136,Customer_136,36-45,Chennai
U00137,Customer_137,18-25,Pune
U00138,Customer_138,36-45,Chennai
U00139,Customer_139,60+,Delhi
U00140,Customer_140,18-25,Pune
U00141,Customer_141,36-45,Hyderabad
U00142,Customer_142,36-45,Chennai
U00143,Customer_143,46-60,Chennai
U00144,Customer_144,36-45,Pune
U00145,Customer_145,36-45,Delhi
U00146,Customer_146,46-60,Pune
U00147,Customer_147,18-25,Delhi
U00148,Customer_148,46-60,Hyderabad
U00149,Customer_149,36-45,Hyderabad
U00150,Customer_150,36-45,Chennai
U00151,Customer_151,36-45,Mumbai
U00152,Customer_152,46-60,Bangalore
U00153,Customer_153,18-25,Hyderabad
U00154,Customer_154,18-25,Hyderabad
U00155,Customer_155,46-60,Bangalore
U00156,Customer_156,26-35,Hyderabad
U00157,Customer_157,36-45,Delhi
U00158,Customer_158,26-35,Hyderabad
U00159,Customer_159,36-45,Chennai
U00160,Customer_160,26-35,Chennai
U00161,Customer_161,18-25,Chennai
U00162,Customer_162,18-25,Bangalore
U00163,Customer_163,46-60,Mumbai
U00164,Customer_164,60+,Bangalore
U00165,Customer_165,26-35,Mumbai
U00166,Customer_166,36-45,Bangalore
U00167,Customer_167,46-60,Delhi
U00168,Customer_168,26-35,Delhi
U00169,Customer_169,60+,Bangalore
U00170,Customer_170,60+,Hyderabad
U00171,Customer_171,36-45,Delhi
U00172,Customer_172,36-45,Pune
U00173,Customer_173,36-45,Chennai
U00174,Customer_174,36-45,Mumbai
U00175,Customer_175,46-60,Mumbai
U00176,Customer_176,26-35,Delhi
U00177,Customer_177,46-60,Hyderabad
U00178,Customer_178,36-45,Mumbai
U00179,Customer_179,46-60,Mumbai
U00180,Customer_180,36-45,Hyderabad
U00181,Customer_181,18-25,Pune
U00182,Customer_182,36-45,Chennai
U00183,Customer_183,36-45,Hyderabad
U00184,Customer_184,46-60,Chennai
U00185,Customer_185,36-45,Mumbai
U00186,Customer_186,26-35,Pune
U00187,Customer_187,18-25,Hyderabad
U00188,Customer_188,60+,Bangalore
U00189,Customer_189,60+,Delhi
U00190,Customer_190,18-25,Chennai
U00191,Customer_191,46-60,Chennai
U00192,Customer_192,36-45,Chennai
U00193,Customer_193,46-60,Mumbai
U00194,Customer_194,26-35,Mumbai
U00195,Customer_195,18-25,Bangalore
U00196,Customer_196,46-60,Mumbai
U00197,Customer_197,18-25,Delhi
U00198,Customer_198,60+,Delhi
U00199,Customer_199,46-60,Pune
U00200,Customer_200,36-45,Chennai
U00201,Customer_201,60+,Pune
U00202,Customer_202,60+,Chennai
U00203,Customer_203,26-35,Pune
U00204,Customer_204,18-25,Pune
U00205,Customer_205,60+,Pune
U00206,Customer_206,36-45,Mumbai
U00207,Customer_207,36-45,Delhi
U00208,Customer_208,46-60,Pune
U00209,Customer_209,26-35,Bangalore
U00210,Customer_210,18-25,Chennai
U00211,Customer_211,36-45,Hyderabad
U00212,Customer_212,36-45,Mumbai
U00213,Customer_213,46-60,Bangalore
U00214,Customer_214,26-35,Mumbai
U00215,Customer_215,46-60,Mumbai
U00216,Customer_216,26-35,Chennai
U00217,Customer_217,60+,Mumbai
U00218,Customer_218,18-25,Bangalore
U00219,Customer_219,26-35,Delhi
U00220,Customer_220,60+,Delhi
U00221,Customer_221,18-25,Hyderabad
U00222,Customer_222,26-35,Hyderabad
U00223,Customer_223,26-35,Delhi
U00224,Customer_224,36-45,Delhi
U00225,Customer_225,60+,Mumbai
U00226,Customer_226,36-45,Delhi
U00227,Customer_227,26-35,Hyderabad
U00228,Customer_228,36-45,Delhi
U00229,Customer_229,18-25,Chennai
U00230,Customer_230,18-25,Delhi
U00231,Customer_231,18-25,Bangalore
U00232,Customer_232,26-35,Hyderabad
U00233,Customer_233,36-45,Mumbai
U00234,Customer_234,26-35,Bangalore
U00235,Customer_235,18-25,Delhi
U00236,Customer_236,46-60,Hyderabad
U00237,Customer_237,18-25,Chennai
U00238,Customer_238,18-25,Pune
U00239,Customer_239,46-60,Bangalore
U00240,Customer_240,60+,Hyderabad
U00241,Customer_241,18-25,Pune
U00242,Customer_242,60+,Delhi
U00243,Customer_243,60+,Mumbai
U00244,Customer_244,60+,Bangalore
U00245,Customer_245,46-60,Chennai
U00246,Customer_246,18-25,Mumbai
U00247,Customer_247,46-60,Pune
U00248,Customer_248,46-60,Chennai
U00249,Customer_249,18-25,Pune
U00250,Customer_250,46-60,Mumbai
U00251,Customer_251,18-25,Bangalore
U00252,Customer_252,60+,Delhi
U00253,Customer_253,18-25,Delhi
U00254,Customer_254,36-45,Hyderabad
U00255,Customer_255,60+,Hyderabad
U00256,Customer_256,36-45,Pune
U00257,Customer_257,60+,Hyderabad
U00258,Customer_258,36-45,Pune
U00259,Customer_259,60+,Hyderabad
U00260,Customer_260,46-60,Mumbai
U00261,Customer_261,18-25,Chennai
U00262,Customer_262,60+,Chennai
U00263,Customer_263,26-35,Pune
U00264,Customer_264,46-60,Delhi
U00265,Customer_265,46-60,Bangalore
U00266,Customer_266,46-60,Pune
U00267,Customer_267,46-60,Chennai
U00268,Customer_268,18-25,Bangalore
U00269,Customer_269,46-60,Bangalore
U00270,Customer_270,36-45,Bangalore
U00271,Customer_271,26-35,Chennai
U00272,Customer_272,46-60,Mumbai
U00273,Customer_273,18-25,Mumbai
U00274,Customer_274,18-25,Pune
U00275,Customer_275,18-25,Chennai
U00276,Customer_276,36-45,Delhi
U00277,Customer_277,60+,Mumbai
U00278,Customer_278,60+,Hyderabad
U00279,Customer_279,60+,Bangalore
U00280,Customer_280,18-25,Pune
U00281,Customer_281,36-45,Chennai
U00282,Customer_282,46-60,Chennai
U00283,Customer_283,18-25,Bangalore
U00284,Customer_284,60+,Bangalore
U00285,Customer_285,36-45,Mumbai
U00286,Customer_286,60+,Hyderabad
U00287,Customer_287,26-35,Delhi
U00288,Customer_288,46-60,Delhi
U00289,Customer_289,18-25,Bangalore
U00290,Customer_290,60+,Bangalore
U00291,Customer_291,18-25,Bangalore
U00292,Customer_292,60+,Delhi
U00293,Customer_293,46-60,Hyderabad
U00294,Customer_294,60+,Hyderabad
U00295,Customer_295,60+,Mumbai
U00296,Customer_296,60+,Chennai
U00297,Customer_297,36-45,Mumbai
U00298,Customer_298,26-35,Bangalore
U00299,Customer_299,36-45,Bangalore
U00300,Customer_300,36-45,Mumbai
U00301,Customer_301,26-35,Delhi
U00302,Customer_302,60+,Chennai
U00303,Customer_303,46-60,Mumbai
U00304,Customer_304,26-35,Chennai
U00305,Customer_305,18-25,Mumbai
U00306,Customer_306,60+,Delhi
U00307,Customer_307,46-60,Pune
U00308,Customer_308,46-60,Bangalore
U00309,Customer_309,26-35,Bangalore
U00310,Customer_310,36-45,Chennai
U00311,Customer_311,36-45,Hyderabad
U00312,Customer_312,60+,Mumbai
U00313,Customer_313,18-25,Delhi
U00314,Customer_314,26-35,Hyderabad
U00315,Customer_315,18-25,Chennai
U00316,Customer_316,18-25,Bangalore
U00317,Customer_317,46-60,Chennai
U00318,Customer_318,46-60,Pune
U00319,Customer_319,60+,Pune
U00320,Customer_320,46-60,Bangalore
U00321,Customer_321,26-35,Hyderabad
U00322,Customer_322,18-25,Bangalore
U00323,Customer_323,46-60,Mumbai
U00324,Customer_324,36-45,Chennai
U00325,Customer_325,60+,Pune
U00326,Customer_326,60+,Chennai
U00327,Customer_327,36-45,Mumbai
U00328,Customer_328,26-35,Pune
U00329,Customer_329,60+,Mumbai
U00330,Customer_330,18-25,Delhi
U00331,Customer_331,36-45,Delhi
U00332,Customer_332,26-35,Bangalore
U00333,Customer_333,36-45,Bangalore
U00334,Customer_334,18-25,Mumbai
U00335,Customer_335,46-60,Chennai
U00336,Customer_336,46-60,Delhi
U00337,Customer_337,26-35,Pune
U00338,Customer_338,60+,Chennai
U00339,Customer_339,26-35,Hyderabad
U00340,Customer_340,60+,Chennai
U00341,Customer_341,36-45,Mumbai
U00342,Customer_342,46-60,Chennai
U00343,Customer_343,18-25,Pune
U00344,Customer_344,18-25,Pune
U00345,Customer_345,18-25,Bangalore
U00346,Customer_346,60+,Pune
U00347,Customer_347,60+,Pune
U00348,Customer_348,46-60,Bangalore
U00349,Customer_349,18-25,Pune
U00350,Customer_350,18-25,Bangalore
U00351,Customer_351,26-35,Hyderabad
U00352,Customer_352,46-60,Chennai
U00353,Customer_353,36-45,Mumbai
U00354,Customer_354,46-60,Mumbai
U00355,Customer_355,26-35,Pune
U00356,Customer_356,60+,Pune
U00357,Customer_357,60+,Mumbai
U00358,Customer_358,46-60,Bangalore
U00359,Customer_359,36-45,Delhi
U00360,Customer_360,36-45,Delhi
U00361,Customer_361,18-25,Hyderabad
U00362,Customer_362,18-25,Hyderabad
U00363,Customer_363,60+,Delhi
U00364,Customer_364,36-45,Bangalore
U00365,Customer_365,26-35,Delhi
U00366,Customer_366,18-25,Delhi
U00367,Customer_367,36-45,Delhi
U00368,Customer_368,26-35,Hyderabad
U00369,Customer_369,26-35,Chennai
U00370,Customer_370,18-25,Delhi
U00371,Customer_371,46-60,Pune
U00372,Customer_372,60+,Hyderabad
U00373,Customer_373,46-60,Chennai
U00374,Customer_374,60+,Chennai
U00375,Customer_375,60+,Bangalore
U00376,Customer_376,36-45,Delhi
U00377,Customer_377,46-60,Mumbai
U00378,Customer_378,46-60,Pune
U00379,Customer_379,36-45,Bangalore
U00380,Customer_380,60+,Mumbai
U00381,Customer_381,36-45,Hyderabad
U00382,Customer_382,18-25,Bangalore
U00383,Customer_383,46-60,Pune
U00384,Customer_384,18-25,Mumbai
U00385,Customer_385,36-45,Bangalore
U00386,Customer_386,18-25,Chennai
U00387,Customer_387,18-25,Hyderabad
U00388,Customer_388,60+,Hyderabad
U00389,Customer_389,46-60,Pune
U00390,Customer_390,60+,Hyderabad
U00391,Customer_391,18-25,Pune
U00392,Customer_392,60+,Chennai
U00393,Customer_393,26-35,Bangalore
U00394,Customer_394,60+,Pune
U00395,Customer_395,60+,Delhi
U00396,Customer_396,18-25,Pune
U00397,Customer_397,18-25,Bangalore
U00398,Customer_398,18-25,Hyderabad
U00399,Customer_399,26-35,Mumbai
U00400,Customer_400,26-35,Chennai
U00401,Customer_401,46-60,Pune
U00402,Customer_402,60+,Hyderabad
U00403,Customer_403,60+,Delhi
U00404,Customer_404,36-45,Bangalore
U00405,Customer_405,36-45,Pune
U00406,Customer_406,46-60,Bangalore
U00407,Customer_407,60+,Mumbai
U00408,Customer_408,36-45,Mumbai
U00409,Customer_409,36-45,Mumbai
U00410,Customer_410,60+,Chennai
U00411,Customer_411,46-60,Bangalore
U00412,Customer_412,36-45,Chennai
U00413,Customer_413,60+,Delhi
U00414,Customer_414,36-45,Mumbai
U00415,Customer_415,60+,Chennai
U00416,Customer_416,26-35,Bangalore
U00417,Customer_417,36-45,Chennai
U00418,Customer_418,46-60,Delhi
U00419,Customer_419,60+,Chennai
U00420,Customer_420,18-25,Bangalore
U00421,Customer_421,60+,Pune
U00422,Customer_422,36-45,Delhi
U00423,Customer_423,60+,Mumbai
U00424,Customer_424,46-60,Hyderabad
U00425,Customer_425,36-45,Mumbai
U00426,Customer_426,36-45,Bangalore
U00427,Customer_427,26-35,Delhi
U00428,Customer_428,36-45,Pune
U00429,Customer_429,26-35,Delhi
U00430,Customer_430,26-35,Delhi
U00431,Customer_431,18-25,Bangalore
U00432,Customer_432,18-25,Hyderabad
U00433,Customer_433,60+,Chennai
U00434,Customer_434,60+,Mumbai
U00435,Customer_435,36-45,Hyderabad
U00436,Customer_436,26-35,Hyderabad
U00437,Customer_437,46-60,Delhi
U00438,Customer_438,26-35,Delhi
U00439,Customer_439,60+,Delhi
U00440,Customer_440,46-60,Mumbai
U00441,Customer_441,46-60,Bangalore
U00442,Customer_442,26-35,Pune
U00443,Customer_443,60+,Bangalore
U00444,Customer_444,46-60,Delhi
U00445,Customer_445,60+,Delhi
U00446,Customer_446,36-45,Pune
U00447,Customer_447,26-35,Bangalore
U00448,Customer_448,60+,Pune
U00449,Customer_449,46-60,Bangalore
U00450,Customer_450,46-60,Hyderabad
U00451,Customer_451,60+,Pune
U00452,Customer_452,26-35,Delhi
U00453,Customer_453,60+,Delhi
U00454,Customer_454,36-45,Mumbai
U00455,Customer_455,46-60,Bangalore
U00456,Customer_456,60+,Mumbai
U00457,Customer_457,60+,Mumbai
U00458,Customer_458,36-45,Mumbai
U00459,Customer_459,26-35,Bangalore
U00460,Customer_460,46-60,Hyderabad
U00461,Customer_461,26-35,Pune
U00462,Customer_462,18-25,Delhi
U00463,Customer_463,46-60,Bangalore
U00464,Customer_464,18-25,Pune
U00465,Customer_465,18-25,Pune
U00466,Customer_466,60+,Bangalore
U00467,Customer_467,26-35,Pune
U00468,Customer_468,18-25,Bangalore
U00469,Customer_469,26-35,Mumbai
U00470,Customer_470,36-45,Mumbai
U00471,Customer_471,36-45,Delhi
U00472,Customer_472,26-35,Mumbai
U00473,Customer_473,36-45,Pune
U00474,Customer_474,26-35,Chennai
U00475,Customer_475,46-60,Pune
U00476,Customer_476,60+,Mumbai
U00477,Customer_477,18-25,Mumbai
U00478,Customer_478,36-45,Delhi
U00479,Customer_479,26-35,Hyderabad
U00480,Customer_480,60+,Hyderabad
U00481,Customer_481,46-60,Mumbai
U00482,Customer_482,36-45,Delhi
U00483,Customer_483,36-45,Mumbai
U00484,Customer_484,18-25,Delhi
U00485,Customer_485,46-60,Chennai
U00486,Customer_486,60+,Pune
U00487,Customer_487,18-25,Mumbai
U00488,Customer_488,46-60,Hyderabad
U00489,Customer_489,60+,Mumbai
U00490,Customer_490,60+,Hyderabad
U00491,Customer_491,26-35,Chennai
U00492,Customer_492,26-35,Bangalore
U00493,Customer_493,46-60,Mumbai
U00494,Customer_494,60+,Bangalore
U00495,Customer_495,26-35,Hyderabad
U00496,Customer_496,46-60,Delhi
U00497,Customer_497,18-25,Hyderabad
U00498,Customer_498,36-45,Mumbai
U00499,Customer_499,60+,Hyderabad
U00500,Customer_500,60+,Hyderabad
U00501,Customer_501,60+,Mumbai
U00502,Customer_502,46-60,Pune
U00503,Customer_503,18-25,Chennai
U00504,Customer_504,46-60,Bangalore
U00505,Customer_505,36-45,Chennai
U00506,Customer_506,18-25,Bangalore
U00507,Customer_507,18-25,Bangalore
U00508,Customer_508,26-35,Chennai
U00509,Customer_509,18-25,Hyderabad
U00510,Customer_510,36-45,Delhi
U00511,Customer_511,18-25,Bangalore
U00512,Customer_512,60+,Bangalore
U00513,Customer_513,26-35,Chennai
U00514,Customer_514,46-60,Chennai
U00515,Customer_515,46-60,Chennai
U00516,Customer_516,26-35,Delhi
U00517,Customer_517,18-25,Chennai
U00518,Customer_518,46-60,Mumbai
U00519,Customer_519,36-45,Delhi
U00520,Customer_520,18-25,Delhi
U00521,Customer_521,18-25,Bangalore
U00522,Customer_522,36-45,Hyderabad
U00523,Customer_523,46-60,Hyderabad
U00524,Customer_524,46-60,Bangalore
U00525,Customer_525,18-25,Chennai
U00526,Customer_526,26-35,Bangalore
U00527,Customer_527,36-45,Mumbai
U00528,Customer_528,36-45,Bangalore
U00529,Customer_529,18-25,Bangalore
U00530,Customer_530,46-60,Pune
U00531,Customer_531,46-60,Pune
U00532,Customer_532,36-45,Delhi
U00533,Customer_533,46-60,Chennai
U00534,Customer_534,46-60,Bangalore
U00535,Customer_535,60+,Bangalore
U00536,Customer_536,18-25,Chennai
U00537,Customer_537,46-60,Mumbai
U00538,Customer_538,46-60,Hyderabad
U00539,Customer_539,26-35,Hyderabad
U00540,Customer_540,36-45,Bangalore
U00541,Customer_541,18-25,Mumbai
U00542,Customer_542,36-45,Chennai
U00543,Customer_543,36-45,Bangalore
U00544,Customer_544,46-60,Hyderabad
U00545,Customer_545,46-60,Delhi
U00546,Customer_546,46-60,Bangalore
U00547,Customer_547,46-60,Mumbai
U00548,Customer_548,36-45,Hyderabad
U00549,Customer_549,46-60,Bangalore
U00550,Customer_550,18-25,Mumbai
U00551,Customer_551,46-60,Bangalore
U00552,Customer_552,60+,Chennai
U00553,Customer_553,26-35,Mumbai
U00554,Customer_554,26-35,Hyderabad
U00555,Customer_555,46-60,Mumbai
U00556,Customer_556,26-35,Mumbai
U00557,Customer_557,26-35,Chennai
U00558,Customer_558,36-45,Bangalore
U00559,Customer_559,46-60,Hyderabad
U00560,Customer_560,18-25,Hyderabad
U00561,Customer_561,26-35,Chennai
U00562,Customer_562,46-60,Bangalore
U00563,Customer_563,36-45,Pune
U00564,Customer_564,18-25,Hyderabad
U00565,Customer_565,26-35,Hyderabad
U00566,Customer_566,36-45,Pune
U00567,Customer_567,36-45,Chennai
U00568,Customer_568,36-45,Delhi
U00569,Customer_569,18-25,Mumbai
U00570,Customer_570,26-35,Pune
U00571,Customer_571,60+,Pune
U00572,Customer_572,60+,Mumbai
U00573,Customer_573,36-45,Bangalore
U00574,Customer_574,46-60,Delhi
U00575,Customer_575,60+,Bangalore
U00576,Customer_576,46-60,Delhi
U00577,Customer_577,18-25,Delhi
U00578,Customer_578,18-25,Pune
U00579,Customer_579,26-35,Chennai
U00580,Customer_580,46-60,Mumbai
U00581,Customer_581,36-45,Chennai
U00582,Customer_582,36-45,Chennai
U00583,Customer_583,18-25,Hyderabad
U00584,Customer_584,60+,Bangalore
U00585,Customer_585,36-45,Delhi
U00586,Customer_586,26-35,Bangalore
U00587,Customer_587,60+,Delhi
U00588,Customer_588,18-25,Delhi
U00589,Customer_589,26-35,Delhi
U00590,Customer_590,46-60,Mumbai
U00591,Customer_591,36-45,Hyderabad
U00592,Customer_592,60+,Bangalore
U00593,Customer_593,46-60,Hyderabad
U00594,Customer_594,26-35,Hyderabad
U00595,Customer_595,18-25,Mumbai
U00596,Customer_596,36-45,Pune
U00597,Customer_597,46-60,Hyderabad
U00598,Customer_598,46-60,Pune
U00599,Customer_599,60+,Mumbai
U00600,Customer_600,26-35,Bangalore
U00601,Customer_601,18-25,Pune
U00602,Customer_602,46-60,Chennai
U00603,Customer_603,60+,Bangalore
U00604,Customer_604,26-35,Hyderabad
U00605,Customer_605,60+,Delhi
U00606,Customer_606,26-35,Pune
U00607,Customer_607,60+,Mumbai
U00608,Customer_608,18-25,Hyderabad
U00609,Customer_609,26-35,Bangalore
U00610,Customer_610,26-35,Delhi
U00611,Customer_611,36-45,Chennai
U00612,Customer_612,26-35,Bangalore
U00613,Customer_613,60+,Bangalore
U00614,Customer_614,18-25,Bangalore
U00615,Customer_615,26-35,Chennai
U00616,Customer_616,60+,Bangalore
U00617,Customer_617,26-35,Chennai
U00618,Customer_618,36-45,Hyderabad
U00619,Customer_619,60+,Mumbai
U00620,Customer_620,60+,Chennai
U00621,Customer_621,26-35,Hyderabad
U00622,Customer_622,60+,Delhi
U00623,Customer_623,26-35,Chennai
U00624,Customer_624,60+,Chennai
U00625,Customer_625,60+,Bangalore
U00626,Customer_626,60+,Mumbai
U00627,Customer_627,18-25,Mumbai
U00628,Customer_628,18-25,Chennai
U00629,Customer_629,60+,Bangalore
U00630,Customer_630,26-35,Hyderabad
U00631,Customer_631,46-60,Hyderabad
U00632,Customer_632,18-25,Pune
U00633,Customer_633,60+,Bangalore
U00634,Customer_634,36-45,Pune
U00635,Customer_635,26-35,Chennai
U00636,Customer_636,46-60,Bangalore
U00637,Customer_637,46-60,Mumbai
U00638,Customer_638,18-25,Delhi
U00639,Customer_639,46-60,Pune
U00640,Customer_640,46-60,Pune
U00641,Customer_641,26-35,Bangalore
U00642,Customer_642,60+,Delhi
U00643,Customer_643,36-45,Chennai
U00644,Customer_644,36-45,Chennai
U00645,Customer_645,36-45,Pune
U00646,Customer_646,26-35,Bangalore
U00647,Customer_647,60+,Hyderabad
U00648,Customer_648,18-25,Bangalore
U00649,Customer_649,26-35,Pune
U00650,Customer_650,18-25,Bangalore
U00651,Customer_651,46-60,Delhi
U00652,Customer_652,26-35,Mumbai
U00653,Customer_653,18-25,Bangalore
U00654,Customer_654,46-60,Hyderabad
U00655,Customer_655,46-60,Delhi
U00656,Customer_656,26-35,Bangalore
U00657,Customer_657,60+,Chennai
U00658,Customer_658,36-45,Delhi
U00659,Customer_659,26-35,Pune
U00660,Customer_660,60+,Pune
U00661,Customer_661,46-60,Bangalore
U00662,Customer_662,46-60,Mumbai
U00663,Customer_663,18-25,Pune
U00664,Customer_664,60+,Pune
U00665,Customer_665,26-35,Delhi
U00666,Customer_666,60+,Bangalore
U00667,Customer_667,18-25,Mumbai
U00668,Customer_668,36-45,Pune
U00669,Customer_669,60+,Chennai
U00670,Customer_670,46-60,Bangalore
U00671,Customer_671,60+,Mumbai
U00672,Customer_672,18-25,Pune
U00673,Customer_673,26-35,Bangalore
U00674,Customer_674,36-45,Pune
U00675,Customer_675,36-45,Mumbai
U00676,Customer_676,46-60,Mumbai
U00677,Customer_677,60+,Hyderabad
U00678,Customer_678,26-35,Bangalore
U00679,Customer_679,60+,Bangalore
U00680,Customer_680,18-25,Pune
U00681,Customer_681,60+,Pune
U00682,Customer_682,60+,Bangalore
U00683,Customer_683,60+,Chennai
U00684,Customer_684,60+,Mumbai
U00685,Customer_685,26-35,Mumbai
U00686,Customer_686,46-60,Bangalore
U00687,Customer_687,36-45,Hyderabad
U00688,Customer_688,36-45,Delhi
U00689,Customer_689,26-35,Hyderabad
U00690,Customer_690,60+,Pune
U00691,Customer_691,60+,Mumbai
U00692,Customer_692,18-25,Mumbai
U00693,Customer_693,26-35,Chennai
U00694,Customer_694,36-45,Pune
U00695,Customer_695,60+,Pune
U00696,Customer_696,26-35,Hyderabad
U00697,Customer_697,60+,Delhi
U00698,Customer_698,36-45,Hyderabad
U00699,Customer_699,36-45,Delhi
U00700,Customer_700,46-60,Hyderabad
U00701,Customer_701,36-45,Hyderabad
U00702,Customer_702,36-45,Hyderabad
U00703,Customer_703,60+,Hyderabad
U00704,Customer_704,46-60,Chennai
U00705,Customer_705,60+,Bangalore
U00706,Customer_706,46-60,Mumbai
U00707,Customer_707,36-45,Bangalore
U00708,Customer_708,18-25,Pune
U00709,Customer_709,60+,Bangalore
U00710,Customer_710,18-25,Hyderabad
U00711,Customer_711,46-60,Bangalore
U00712,Customer_712,60+,Hyderabad
U00713,Customer_713,26-35,Chennai
U00714,Customer_714,18-25,Hyderabad
U00715,Customer_715,46-60,Delhi
U00716,Customer_716,60+,Chennai
U00717,Customer_717,60+,Pune
U00718,Customer_718,26-35,Chennai
U00719,Customer_719,26-35,Mumbai
U00720,Customer_720,60+,Chennai
U00721,Customer_721,18-25,Delhi
U00722,Customer_722,18-25,Pune
U00723,Customer_723,36-45,Pune
U00724,Customer_724,26-35,Pune
U00725,Customer_725,26-35,Pune
U00726,Customer_726,60+,Hyderabad
U00727,Customer_727,46-60,Chennai
U00728,Customer_728,18-25,Chennai
U00729,Customer_729,26-35,Hyderabad
U00730,Customer_730,26-35,Hyderabad
U00731,Customer_731,36-45,Chennai
U00732,Customer_732,46-60,Hyderabad
U00733,Customer_733,46-60,Bangalore
U00734,Customer_734,26-35,Pune
U00735,Customer_735,60+,Bangalore
U00736,Customer_736,60+,Bangalore
U00737,Customer_737,36-45,Hyderabad
U00738,Customer_738,46-60,Delhi
U00739,Customer_739,26-35,Bangalore
U00740,Customer_740,60+,Bangalore
U00741,Customer_741,26-35,Bangalore
U00742,Customer_742,36-45,Chennai
U00743,Customer_743,26-35,Chennai
U00744,Customer_744,46-60,Bangalore
U00745,Customer_745,46-60,Bangalore
U00746,Customer_746,60+,Chennai
U00747,Customer_747,36-45,Bangalore
U00748,Customer_748,18-25,Hyderabad
U00749,Customer_749,60+,Pune
U00750,Customer_750,46-60,Bangalore
U00751,Customer_751,26-35,Bangalore
U00752,Customer_752,18-25,Bangalore
U00753,Customer_753,18-25,Bangalore
U00754,Customer_754,46-60,Chennai
U00755,Customer_755,36-45,Chennai
U00756,Customer_756,46-60,Delhi
U00757,Customer_757,26-35,Hyderabad
U00758,Customer_758,36-45,Hyderabad
U00759,Customer_759,36-45,Delhi
U00760,Customer_760,18-25,Hyderabad
U00761,Customer_761,60+,Delhi
U00762,Customer_762,26-35,Mumbai
U00763,Customer_763,60+,Delhi
U00764,Customer_764,26-35,Mumbai
U00765,Customer_765,18-25,Pune
U00766,Customer_766,36-45,Chennai
U00767,Customer_767,46-60,Mumbai
U00768,Customer_768,26-35,Mumbai
U00769,Customer_769,60+,Delhi
U00770,Customer_770,46-60,Chennai
U00771,Customer_771,46-60,Pune
U00772,Customer_772,26-35,Bangalore
U00773,Customer_773,36-45,Bangalore
U00774,Customer_774,18-25,Mumbai
U00775,Customer_775,60+,Delhi
U00776,Customer_776,60+,Chennai
U00777,Customer_777,18-25,Delhi
U00778,Customer_778,46-60,Delhi
U00779,Customer_779,18-25,Pune
U00780,Customer_780,46-60,Delhi
U00781,Customer_781,36-45,Mumbai
U00782,Customer_782,18-25,Bangalore
U00783,Customer_783,60+,Hyderabad
U00784,Customer_784,18-25,Bangalore
U00785,Customer_785,36-45,Pune
U00786,Customer_786,60+,Hyderabad
U00787,Customer_787,46-60,Delhi
U00788,Customer_788,60+,Pune
U00789,Customer_789,36-45,Delhi
U00790,Customer_790,18-25,Bangalore
U00791,Customer_791,26-35,Chennai
U00792,Customer_792,46-60,Chennai
U00793,Customer_793,36-45,Chennai
U00794,Customer_794,26-35,Mumbai
U00795,Customer_795,36-45,Bangalore
U00796,Customer_796,60+,Chennai
U00797,Customer_797,26-35,Delhi
U00798,Customer_798,60+,Chennai
U00799,Customer_799,46-60,Pune
U00800,Customer_800,60+,Bangalore
U00801,Customer_801,18-25,Pune
U00802,Customer_802,18-25,Delhi
U00803,Customer_803,26-35,Pune
U00804,Customer_804,36-45,Delhi
U00805,Customer_805,18-25,Bangalore
U00806,Customer_806,46-60,Delhi
U00807,Customer_807,46-60,Bangalore
U00808,Customer_808,36-45,Bangalore
U00809,Customer_809,60+,Chennai
U00810,Customer_810,60+,Mumbai
U00811,Customer_811,36-45,Chennai
U00812,Customer_812,36-45,Chennai
U00813,Customer_813,26-35,Mumbai
U00814,Customer_814,18-25,Pune
U00815,Customer_815,36-45,Delhi
U00816,Customer_816,46-60,Chennai
U00817,Customer_817,60+,Chennai
U00818,Customer_818,36-45,Chennai
U00819,Customer_819,18-25,Chennai
U00820,Customer_820,36-45,Bangalore
U00821,Customer_821,60+,Delhi
U00822,Customer_822,26-35,Delhi
U00823,Customer_823,46-60,Delhi
U00824,Customer_824,46-60,Chennai
U00825,Customer_825,60+,Bangalore
U00826,Customer_826,46-60,Chennai
U00827,Customer_827,60+,Pune
U00828,Customer_828,60+,Chennai
U00829,Customer_829,26-35,Delhi
U00830,Customer_830,60+,Mumbai
U00831,Customer_831,60+,Pune
U00832,Customer_832,60+,Chennai
U00833,Customer_833,36-45,Mumbai
U00834,Customer_834,60+,Mumbai
U00835,Customer_835,18-25,Hyderabad
U00836,Customer_836,60+,Delhi
U00837,Customer_837,60+,Hyderabad
U00838,Customer_838,26-35,Delhi
U00839,Customer_839,36-45,Hyderabad
U00840,Customer_840,46-60,Mumbai
U00841,Customer_841,26-35,Chennai
U00842,Customer_842,60+,Pune
U00843,Customer_843,18-25,Hyderabad
U00844,Customer_844,46-60,Mumbai
U00845,Customer_845,46-60,Delhi
U00846,Customer_846,60+,Pune
U00847,Customer_847,46-60,Hyderabad
U00848,Customer_848,18-25,Hyderabad
U00849,Customer_849,46-60,Chennai
U00850,Customer_850,36-45,Chennai
U00851,Customer_851,18-25,Pune
U00852,Customer_852,36-45,Mumbai
U00853,Customer_853,26-35,Hyderabad
U00854,Customer_854,18-25,Mumbai
U00855,Customer_855,46-60,Bangalore
U00856,Customer_856,18-25,Hyderabad
U00857,Customer_857,18-25,Mumbai
U00858,Customer_858,46-60,Mumbai
U00859,Customer_859,36-45,Pune
U00860,Customer_860,26-35,Delhi
U00861,Customer_861,46-60,Bangalore
U00862,Customer_862,46-60,Pune
U00863,Customer_863,46-60,Pune
U00864,Customer_864,18-25,Chennai
U00865,Customer_865,60+,Delhi
U00866,Customer_866,36-45,Mumbai
U00867,Customer_867,26-35,Hyderabad
U00868,Customer_868,46-60,Hyderabad
U00869,Customer_869,26-35,Chennai
U00870,Customer_870,26-35,Mumbai
U00871,Customer_871,18-25,Bangalore
U00872,Customer_872,46-60,Chennai
U00873,Customer_873,60+,Pune
U00874,Customer_874,60+,Pune
U00875,Customer_875,26-35,Delhi
U00876,Customer_876,46-60,Bangalore
U00877,Customer_877,26-35,Bangalore
U00878,Customer_878,26-35,Chennai
U00879,Customer_879,18-25,Mumbai
U00880,Customer_880,46-60,Hyderabad
U00881,Customer_881,18-25,Delhi
U00882,Customer_882,26-35,Mumbai
U00883,Customer_883,18-25,Hyderabad
U00884,Customer_884,18-25,Pune
U00885,Customer_885,60+,Chennai
U00886,Customer_886,18-25,Delhi
U00887,Customer_887,18-25,Pune
U00888,Customer_888,46-60,Delhi
U00889,Customer_889,60+,Delhi
U00890,Customer_890,18-25,Delhi
U00891,Customer_891,60+,Bangalore
U00892,Customer_892,26-35,Chennai
U00893,Customer_893,60+,Bangalore
U00894,Customer_894,60+,Hyderabad
U00895,Customer_895,36-45,Delhi
U00896,Customer_896,36-45,Delhi
U00897,Customer_897,60+,Delhi
U00898,Customer_898,46-60,Bangalore
U00899,Customer_899,36-45,Mumbai
U00900,Customer_900,60+,Hyderabad
U00901,Customer_901,26-35,Chennai
U00902,Customer_902,46-60,Hyderabad
U00903,Customer_903,46-60,Mumbai
U00904,Customer_904,36-45,Chennai
U00905,Customer_905,46-60,Hyderabad
U00906,Customer_906,36-45,Chennai
U00907,Customer_907,46-60,Pune
U00908,Customer_908,26-35,Bangalore
U00909,Customer_909,46-60,Delhi
U00910,Customer_910,60+,Pune
U00911,Customer_911,26-35,Delhi
U00912,Customer_912,36-45,Chennai
U00913,Customer_913,26-35,Pune
U00914,Customer_914,18-25,Hyderabad
U00915,Customer_915,46-60,Pune
U00916,Customer_916,60+,Hyderabad
U00917,Customer_917,26-35,Pune
U00918,Customer_918,26-35,Bangalore
U00919,Customer_919,26-35,Bangalore
U00920,Customer_920,18-25,Pune
U00921,Customer_921,36-45,Mumbai
U00922,Customer_922,60+,Chennai
U00923,Customer_923,26-35,Mumbai
U00924,Customer_924,36-45,Pune
U00925,Customer_925,60+,Hyderabad
U00926,Customer_926,18-25,Mumbai
U00927,Customer_927,26-35,Hyderabad
U00928,Customer_928,60+,Delhi
U00929,Customer_929,46-60,Delhi
U00930,Customer_930,36-45,Bangalore
U00931,Customer_931,18-25,Delhi
U00932,Customer_932,26-35,Chennai
U00933,Customer_933,18-25,Chennai
U00934,Customer_934,46-60,Delhi
U00935,Customer_935,60+,Chennai
U00936,Customer_936,26-35,Pune
U00937,Customer_937,26-35,Hyderabad
U00938,Customer_938,36-45,Bangalore
U00939,Customer_939,46-60,Pune
U00940,Customer_940,60+,Chennai
U00941,Customer_941,36-45,Bangalore
U00942,Customer_942,36-45,Bangalore
U00943,Customer_943,60+,Pune
U00944,Customer_944,46-60,Mumbai
U00945,Customer_945,46-60,Bangalore
U00946,Customer_946,26-35,Bangalore
U00947,Customer_947,36-45,Pune
U00948,Customer_948,18-25,Hyderabad
U00949,Customer_949,26-35,Chennai
U00950,Customer_950,26-35,Mumbai
U00951,Customer_951,36-45,Hyderabad
U00952,Customer_952,60+,Hyderabad
U00953,Customer_953,46-60,Bangalore
U00954,Customer_954,26-35,Delhi
U00955,Customer_955,36-45,Delhi
U00956,Customer_956,46-60,Hyderabad
U00957,Customer_957,26-35,Pune
U00958,Customer_958,60+,Chennai
U00959,Customer_959,36-45,Bangalore
U00960,Customer_960,46-60,Chennai
U00961,Customer_961,46-60,Pune
U00962,Customer_962,26-35,Chennai
U00963,Customer_963,36-45,Delhi
U00964,Customer_964,26-35,Chennai
U00965,Customer_965,60+,Pune
U00966,Customer_966,26-35,Hyderabad
U00967,Customer_967,18-25,Hyderabad
U00968,Customer_968,18-25,Mumbai
U00969,Customer_969,18-25,Mumbai
U00970,Customer_970,46-60,Delhi
U00971,Customer_971,26-35,Mumbai
U00972,Customer_972,26-35,Mumbai
U00973,Customer_973,26-35,Hyderabad
U00974,Customer_974,46-60,Bangalore
U00975,Customer_975,18-25,Hyderabad
U00976,Customer_976,60+,Pune
U00977,Customer_977,46-60,Mumbai
U00978,Customer_978,18-25,Hyderabad
U00979,Customer_979,60+,Pune
U00980,Customer_980,18-25,Mumbai
U00981,Customer_981,60+,Chennai
U00982,Customer_982,36-45,Hyderabad
U00983,Customer_983,36-45,Mumbai
U00984,Customer_984,60+,Chennai
U00985,Customer_985,46-60,Delhi
U00986,Customer_986,18-25,Mumbai
U00987,Customer_987,60+,Delhi
U00988,Customer_988,26-35,Delhi
U00989,Customer_989,60+,Hyderabad
U00990,Customer_990,36-45,Bangalore
U00991,Customer_991,36-45,Pune
U00992,Customer_992,18-25,Bangalore
U00993,Customer_993,46-60,Pune
U00994,Customer_994,60+,Delhi
U00995,Customer_995,26-35,Bangalore
U00996,Customer_996,18-25,Chennai
U00997,Customer_997,18-25,Mumbai
U00998,Customer_998,46-60,Pune
U00999,Customer_999,46-60,Hyderabad
U01000,Customer_1000,46-60,Mumbai
